{
    "sw04": {
        "type": "sw",
        "ip": "192.168.0.5",
        "username": "root",
        "password": "",
        "links": {
            "p2": "es12",
            "p4": "sw05",
            "p5": "sw07"
        }
    },
    "sw05": {
        "type": "sw",
        "ip": "192.168.0.6",
        "username": "root",
        "password": "",
        "links": {
            "p2": "es13",
            "p4": "sw06",
            "p5": "sw04"
        }
    },
    "sw06": {
        "type": "sw",
        "ip": "192.168.0.7",
        "username": "root",
        "password": "",
        "links": {
            "p2": "es14",
            "p4": "sw07",
            "p5": "sw05"
        }
    },
    "sw07": {
        "type": "sw",
        "ip": "192.168.0.8",
        "username": "root",
        "password": "",
        "links": {
            "p2": "es15",
            "p4": "sw04",
            "p5": "sw06"
        }
    },
    "es12": {
        "type": "end-station",
        "ip": "192.168.50.13",
        "username": "ubuntu",
        "password": "1234567809",
        "links": {
            "p2": "sw04"
        }
    },
    "es13": {
        "type": "end-station",
        "ip": "192.168.50.14",
        "username": "ubuntu",
        "password": "1234567809",
        "links": {
            "p2": "sw05"
        }
    },
    "es14": {
        "type": "end-station",
        "ip": "192.168.50.15",
        "username": "ubuntu",
        "password": "1234567809",
        "links": {
            "p2": "sw06"
        }
    },
    "es15": {
        "type": "end-station",
        "ip": "192.168.50.16",
        "username": "ubuntu",
        "password": "1234567809",
        "links": {
            "p2": "sw07"
        }
    }
}